{
  "payment": [
    {
      "id": 1,
      "Customerid": 2,
      "payment_amount": 500000,
      "currency": "Rupees",
      "from_Account": "456456456456456",
      "To_Account": "456456456456456456",
      "beneficiary_account": "565656565656565656",
      "bank_charges": "4114"
    },
    {
      "id": 2,
      "Customerid": 4,
      "payment_amount": 8598888,
      "currency": "Rupees",
      "from_Account": "87986897",
      "To_Account": "576898989",
      "beneficiary_account": "898984564569",
      "bank_charges": "4114"
    },
    {
      "id": 3,
      "Customerid": 5,
      "payment_amount": 5645465,
      "currency": "Rupees",
      "from_Account": "456456456456456",
      "To_Account": "456456456456456456",
      "beneficiary_account": "565656565656565656",
      "bank_charges": "4114"
    },
    {
      "id": 0.42479677542547445,
      "Customerid": 34,
      "payment_amount": 8598888,
      "currency": "Rupees",
      "from_Account": 87986897,
      "To_Account": 576898989,
      "beneficiary_account": 898984564569,
      "bank_charges": 4114
    },
    {
      "id": 5000.642908168009,
      "Customerid": 454545454,
      "payment_amount": 5467457,
      "currency": "Dollers",
      "from_Account": 7878,
      "To_Account": 878,
      "beneficiary_account": 7878,
      "bank_charges": 78787878
    },
    {
      "id": 0.905328348522974,
      "Customerid": 454545454,
      "payment_amount": 5467457,
      "currency": "Dollers",
      "from_Account": 7878,
      "To_Account": 878,
      "beneficiary_account": 7878,
      "bank_charges": 78787878
    },
    {
      "id": 0.31132389731673293,
      "Customerid": 454545454,
      "payment_amount": 5467457,
      "currency": "Dollers",
      "from_Account": 7878,
      "To_Account": 878,
      "beneficiary_account": 7878,
      "bank_charges": 78787878
    },
    {
      "id": 0.7552063610187538,
      "Customerid": 454545454,
      "payment_amount": 5467457,
      "currency": "Dollers",
      "from_Account": 7878,
      "To_Account": 878,
      "beneficiary_account": 7878,
      "bank_charges": 78787878
    },
    {
      "id": 0.5094537793412366,
      "Customerid": 454545454,
      "payment_amount": 5467457,
      "currency": "Dollers",
      "from_Account": 7878,
      "To_Account": 878,
      "beneficiary_account": 7878,
      "bank_charges": 78787878
    },
    {
      "id": 0.3098046837582835,
      "Customerid": 454545454,
      "payment_amount": 5467457,
      "currency": "Dollers",
      "from_Account": 7878,
      "To_Account": 878,
      "beneficiary_account": 7878,
      "bank_charges": 78787878
    },
    {
      "id": 0.07757519138861269,
      "Customerid": 454545454,
      "payment_amount": 5467457,
      "currency": "Dollers",
      "from_Account": 7878,
      "To_Account": 878,
      "beneficiary_account": 7878,
      "bank_charges": 78787878
    },
    {
      "id": 0.6480252186697524,
      "Customerid": 454545454,
      "payment_amount": 5467457,
      "currency": "Dollers",
      "from_Account": 7878,
      "To_Account": 878,
      "beneficiary_account": 7878,
      "bank_charges": 78787878
    },
    {
      "id": 0.13866476461468613,
      "Customerid": 454545454,
      "payment_amount": 5467457,
      "currency": "Dollers",
      "from_Account": 7878,
      "To_Account": 878,
      "beneficiary_account": 7878,
      "bank_charges": 78787878
    },
    {
      "id": 0.25132619862598826,
      "Customerid": 454545454,
      "payment_amount": 5467457,
      "currency": "Dollers",
      "from_Account": 7878,
      "To_Account": 878,
      "beneficiary_account": 7878,
      "bank_charges": 78787878
    },
    {
      "id": 0.9863576440416173,
      "Customerid": 454545454,
      "payment_amount": 5467457,
      "currency": "Dollers",
      "from_Account": 7878,
      "To_Account": 878,
      "beneficiary_account": 7878,
      "bank_charges": 78787878
    },
    {
      "id": 0.006023137535322354,
      "Customerid": 454545454,
      "payment_amount": 5467457,
      "currency": "Dollers",
      "from_Account": 7878,
      "To_Account": 878,
      "beneficiary_account": 7878,
      "bank_charges": 78787878
    }
  ],
  "fraudulent_payment": [
    {
      "banned_currencies": "sadfasdff",
      "amount_limit": "112124541",
      "Blocked_banned_accounts": "54986432496743496",
      "date_Time": "5461674965126"
    }
  ],
  "cutomer": [
    {
      "customerId": "1",
      "CustomerTypes": "Business Class",
      "CreditCardTypes": "Platinium",
      "Currencies": "Dollars",
      "Countries": "USA",
      "Cities": "Unknown"
    },
    {
      "customerId": "2",
      "CustomerTypes": "Normal Class",
      "CreditCardTypes": "Gold",
      "Currencies": "Rupees",
      "Countries": "India",
      "Cities": "chennai"
    },
    {
      "customerId": "3",
      "CustomerTypes": "Business Class",
      "CreditCardTypes": "Diamond",
      "Currencies": "Dollars",
      "Countries": "USA",
      "Cities": "Unknown"
    },
    {
      "customerId": "4",
      "CustomerTypes": "Business Class",
      "CreditCardTypes": "Sample",
      "Currencies": "Dollars",
      "Countries": "USA",
      "Cities": "Unknown"
    }
  ],
  "PaymentDetails": [
    {
      "id": 1,
      "Customerid": 2,
      "payment_amount": 500000,
      "currency": "Rupees",
      "from_Account": "456456456456456",
      "To_Account": "456456456456456456",
      "beneficiary_account": "565656565656565656",
      "bank_charges": "4114",
      "banned_currencies": "sadfasdff",
      "amount_limit": "112124541",
      "Blocked_banned_accounts": "54986432496743496",
      "date_Time": "5461674965126",
      "CustomerTypes": "Business Class",
      "CreditCardTypes": "Platinium",
      "Countries": "USA",
      "Cities": "Unknown",
      "Application_Status": "C"
    },
    {
      "id": 1,
      "Customerid": 4,
      "payment_amount": 500000,
      "currency": "Rupees",
      "from_Account": "456456456456456",
      "To_Account": "456456456456456456",
      "beneficiary_account": "565656565656565656",
      "bank_charges": "4114",
      "banned_currencies": "sadfasdff",
      "amount_limit": "112124541",
      "Blocked_banned_accounts": "54986432496743496",
      "date_Time": "5461674965126",
      "CustomerTypes": "Business Class",
      "CreditCardTypes": "Platinium",
      "Countries": "India",
      "Cities": "Chennai",
      "Application_Status": "C"
    },
    {
      "id": 1,
      "Customerid": 5,
      "payment_amount": 500000,
      "currency": "Dollar",
      "from_Account": "456456456456456",
      "To_Account": "456456456456456456",
      "beneficiary_account": "565656565656565656",
      "bank_charges": "4114",
      "banned_currencies": "sadfasdff",
      "amount_limit": "112124541",
      "Blocked_banned_accounts": "54986432496743496",
      "date_Time": "5461674965126",
      "CustomerTypes": "Business Class",
      "CreditCardTypes": "Platinium",
      "Countries": "USA",
      "Cities": "Unknown",
      "Application_Status": "NC"
    }
  ]
}